CustomerId,purchase_cnt,item_cnt,recency,user_total,user_average,unique_products,average_interval,total_transactions,cancel_frequency,cancel_rate
17850,36,1659,302,5215.8,144.9,24,0.22,321,12,0.04
13047,17,1320,46,2945.6,173.3,105,1.51,217,23,0.11
12583,18,4928,2,6553.3,364.1,114,1.57,238,3,0.01
13748,5,439,95,948.2,189.6,24,10.30,28,0,0.00
15100,7,36,330,394.2,56.3,1,5.38,9,3,0.33
15291,20,2044,25,4479.7,224,62,3.08,114,6,0.05
14688,28,2786,7,4532.1,161.9,148,0.95,388,32,0.08
17809,15,1975,16,5277.8,351.9,46,5.58,65,2,0.03
15311,119,37199,0,57935.6,486.9,571,0.14,2590,112,0.04
16098,7,613,87,2005.6,286.5,34,4.33,67,0,0.00
18074,1,190,373,489.6,489.6,13,0.00,13,0,0.00
17420,3,265,50,598.8,199.6,28,11.14,30,0,0.00
16029,67,27267,38,48031.8,716.9,43,1.20,280,20,0.07
16250,2,208,261,389.4,194.7,22,4.87,24,0,0.00
12431,19,2789,35,6172.8,324.9,162,1.41,240,4,0.02
17511,46,61479,2,85214,1852.5,465,0.31,1185,111,0.09
17548,4,-322,217,-386.3,-96.6,12,5.57,29,12,0.41
13705,3,363,7,711.9,237.3,25,13.56,28,0,0.00
13747,1,8,373,79.6,79.6,1,0.00,1,0,0.00
13408,76,16024,1,27659.7,363.9,234,0.74,506,14,0.03
13767,53,7194,2,16671.1,314.5,55,0.86,430,31,0.07
17924,14,1122,1,2826.2,201.9,27,8.45,45,7,0.16
13448,11,1604,16,3387.3,307.9,137,1.78,202,4,0.02
15862,4,585,8,832.9,208.2,142,2.50,147,0,0.00
15513,23,5381,31,14281.9,621,183,1.07,320,6,0.02
12791,1,96,373,177.6,177.6,1,0.00,1,0,0.00
16218,9,2066,29,3025.1,336.1,56,3.62,96,6,0.06
14045,4,535,109,1659.8,415,4,52.80,6,0,0.00
14307,6,2058,88,2995.7,499.3,150,1.59,180,0,0.00
17908,1,169,373,232,232,51,0.00,54,0,0.00
17920,17,2471,4,4107.6,241.6,406,0.56,664,0,0.00
12838,2,355,33,671.9,336,115,2.86,120,0,0.00
13255,4,171,3,381.8,95.4,13,26.43,15,1,0.07
16583,1,111,373,233.4,233.4,14,0.00,14,0,0.00
18085,2,265,330,690,345,25,1.54,29,0,0.00
13758,7,1844,11,3190.6,455.8,104,3.12,117,0,0.00
13694,58,60496,3,60883.5,1049.7,367,0.62,594,13,0.02
15983,4,886,22,1465.1,366.3,82,3.16,112,0,0.00
14849,29,5618,21,7878,271.7,159,0.89,396,4,0.01
17968,1,151,373,265.1,265.1,74,0.00,81,0,0.00
16210,17,7558,1,21076.3,1239.8,73,3.07,122,0,0.00
17897,5,210,172,490.8,98.2,100,1.84,110,1,0.01
17377,22,2036,23,3708.3,168.6,191,0.86,406,1,0.00
16552,2,219,242,379.7,189.8,17,8.19,17,0,0.00
17181,2,241,57,239.9,120,23,14.36,23,0,0.00
17951,5,604,39,973.1,194.6,18,15.90,22,1,0.05
14729,1,197,373,313.5,313.5,69,0.00,71,0,0.00
12748,218,21981,0,27989.2,128.4,1767,0.08,4483,43,0.01
15012,2,225,53,405,202.5,110,2.64,122,0,0.00
12868,6,928,185,1607.1,267.8,72,1.77,107,0,0.00
17572,4,95,71,226.8,56.7,7,27.45,12,0,0.00
14078,6,310,101,1049.4,174.9,46,4.25,65,0,0.00
14001,3,962,45,2043.1,681,34,8.63,39,0,0.00
12662,13,2005,0,3478.4,267.6,128,1.67,224,2,0.01
15525,5,381,2,702.1,140.4,132,2.35,159,2,0.01
14237,1,38,373,161,161,9,0.00,9,0,0.00
17905,4,406,71,799,199.8,33,9.44,33,0,0.00
15485,3,1281,30,2564.5,854.8,59,4.08,85,0,0.00
12433,7,11071,0,13375.9,1910.8,219,0.89,420,0,0.00
16955,6,226,184,468.7,78.1,18,7.27,27,1,0.04
15350,1,51,373,115.6,115.6,5,0.00,5,0,0.00
15605,5,441,36,1198.2,239.6,61,5.11,67,0,0.00
18144,12,1343,7,2888.8,240.7,27,8.71,43,0,0.00
15922,3,134,372,357.7,119.2,11,0.08,13,1,0.08
14594,2,183,7,363.3,181.6,48,7.18,52,0,0.00
15165,1,160,373,487.8,487.8,27,0.00,27,0,0.00
14911,243,73492,1,121374.6,499.5,1791,0.06,6028,222,0.04
16456,5,1147,99,2158.2,431.6,80,2.51,110,0,0.00
17841,170,22410,1,39227,230.7,1330,0.05,7933,133,0.02
12472,14,3864,30,5382.9,384.5,225,0.79,436,52,0.12
17346,17,1581,3,2492.9,146.6,299,0.76,489,3,0.01
17643,1,71,373,101.6,101.6,8,0.00,8,0,0.00
17873,7,938,80,1530,218.6,23,6.51,46,2,0.04
13093,14,3925,267,7650.5,546.5,99,0.59,181,11,0.06
12921,51,9382,3,16192.4,317.5,233,0.49,762,21,0.03
13468,42,2573,1,5608.5,133.5,184,1.20,310,4,0.01
17760,2,239,21,287.6,143.8,25,14.67,25,0,0.00
16928,20,2051,80,2674.5,133.7,71,1.40,211,4,0.02
16048,4,142,85,230.9,57.7,9,32.00,10,1,0.10
16274,1,151,373,331.5,331.5,63,0.00,63,0,0.00
14496,2,159,311,538.8,269.4,16,3.44,19,0,0.00
14696,10,1622,4,2063,206.3,117,2.73,136,3,0.02
16539,4,477,2,1388.8,347.2,36,8.43,45,0,0.00
17025,3,235,60,357.8,119.3,8,39.13,9,0,0.00
13777,41,12717,0,25539,622.9,39,1.58,237,20,0.08
17690,17,1757,30,4707.8,276.9,186,1.35,256,2,0.01
12947,12,1149,143,1210.6,100.9,83,2.13,109,6,0.06
17460,9,116,78,282.8,31.4,18,6.70,45,8,0.18
18229,20,2488,11,7276.9,363.8,66,2.22,164,0,0.00
14142,1,313,373,311.8,311.8,22,0.00,22,0,0.00
17069,14,1458,28,2600.7,185.8,111,2.10,165,11,0.07
13065,1,74,373,205.9,205.9,14,0.00,14,0,0.00
14606,126,5687,1,11047.1,87.7,829,0.13,2836,81,0.03
16835,2,61,128,180.9,90.4,10,27.22,10,0,0.00
15235,12,1324,217,2247.5,187.3,132,1.10,143,0,0.00
13576,21,2634,10,6689.3,318.5,78,2.73,134,4,0.03
18011,1,71,373,102.8,102.8,28,0.00,28,0,0.00
13090,18,2124,8,8453,469.6,97,2.21,166,6,0.04
15694,15,1652,0,6352.8,423.5,41,4.77,79,1,0.01
14741,6,841,11,1400.3,233.4,35,6.22,59,0,0.00
13715,9,546,281,1026.6,114.1,89,0.83,110,3,0.03
14092,18,2056,7,4049.3,225,117,1.67,220,3,0.01
17732,1,93,372,304,304,18,0.00,18,0,0.00
12855,1,30,372,38.1,38.1,3,0.00,3,0,0.00
15752,9,1950,39,2609.7,290,236,0.82,407,1,0.00
17855,1,197,372,209,209,17,0.00,17,0,0.00
14047,8,373,8,1271.4,158.9,22,10.40,36,2,0.06
17925,1,72,372,244.1,244.1,1,0.00,1,0,0.00
13941,8,2250,21,4711.9,589,24,7.31,49,2,0.04
17017,28,6553,2,8454,301.9,88,1.31,284,16,0.06
14135,15,3850,1,4690.3,312.7,95,2.79,134,0,0.00
13108,1,298,372,350.1,350.1,10,0.00,10,0,0.00
12471,46,7600,2,15258.4,331.7,150,0.64,578,70,0.12
15601,18,4973,11,6714.2,373,230,0.87,418,4,0.01
13418,24,3760,11,5563.4,231.8,223,1.12,324,10,0.03
14766,9,1297,8,2372.8,263.6,111,2.64,139,2,0.01
15658,9,222,190,893.7,99.3,40,2.89,64,8,0.13
14388,11,1925,8,3131.2,284.7,124,1.87,196,5,0.03
14901,11,657,11,1408.7,128.1,73,3.65,100,2,0.02
18041,23,3740,11,4052.9,176.2,285,0.78,462,2,0.00
15955,17,2113,24,4363.4,256.7,137,1.87,187,2,0.01
15070,1,36,372,106.2,106.2,1,0.00,1,0,0.00
16244,2,855,211,1522.7,761.4,88,1.79,91,0,0.00
15111,3,710,29,1567.5,522.5,70,4.13,84,0,0.00
14390,14,2111,10,4521.9,323,135,1.24,294,5,0.02
16546,4,-1155,290,-979,-244.8,31,2.28,37,6,0.16
15260,9,837,100,1750.8,194.5,62,3.49,79,1,0.01
13305,10,1232,4,2000.9,200.1,50,4.60,81,0,0.00
14491,2,139,175,340.9,170.4,17,12.31,17,0,0.00
14060,21,5362,4,6130.3,291.9,86,1.81,204,1,0.00
15923,1,122,372,127.1,127.1,21,0.00,21,0,0.00
16752,1,54,372,207.5,207.5,9,0.00,9,0,0.00
17287,7,556,26,1049.1,149.9,88,2.86,122,0,0.00
15363,3,142,241,310.1,103.4,16,7.71,18,1,0.06
12915,2,93,148,363.6,181.8,19,10.67,22,0,0.00
15544,12,3101,8,3538.3,294.9,122,1.39,263,2,0.01
15738,20,2952,18,4765.1,238.3,46,1.99,179,3,0.02
16042,8,723,22,1077.7,134.7,68,4.55,78,4,0.05
17381,31,25643,8,20269.2,653.8,40,3.31,111,1,0.01
15827,21,804,73,1461,69.6,72,1.99,151,18,0.12
14180,32,701,10,4533,141.7,112,1.42,256,8,0.03
13117,8,945,21,984.9,123.1,66,4.68,76,0,0.00
16916,2,431,23,562.4,281.2,129,2.59,136,0,0.00
17964,2,294,31,463.2,231.6,84,3.52,98,0,0.00
14466,7,1006,29,2272.4,324.6,35,4.83,72,0,0.00
17235,2,224,25,550.1,275,24,12.39,29,0,0.00
16510,1,92,372,248.1,248.1,13,0.00,13,0,0.00
17802,5,734,82,1218.6,243.7,105,1.90,154,7,0.05
15107,9,155,311,200.5,22.3,12,3.21,20,2,0.10
17976,1,93,372,321.8,321.8,56,0.00,57,0,0.00
14449,4,741,18,885.8,221.4,201,1.42,250,0,0.00
15838,21,-352,11,33081.5,1575.3,55,2.15,169,1,0.01
16781,3,109,365,278,92.7,17,0.35,21,2,0.10
17547,2,-8,372,-23.6,-11.8,2,0.00,4,2,0.50
13491,10,903,51,1215.8,121.6,73,3.78,86,0,0.00
16186,14,2996,22,3976.9,284.1,87,1.60,220,1,0.00
17685,7,1907,16,3155.8,450.8,88,2.83,127,0,0.00
17581,32,5783,0,10407.4,325.2,231,0.81,463,12,0.03
15732,2,215,212,294.1,147,13,12.31,14,0,0.00
13138,6,473,22,962.4,160.4,31,5.65,63,0,0.00
17567,11,2224,7,3693.6,335.8,110,1.94,189,12,0.06
15061,55,28356,3,53966.5,981.2,70,0.89,415,6,0.01
16203,6,260,58,585.4,97.6,27,8.72,37,1,0.03
15640,18,6504,4,12257.4,681,241,0.74,496,10,0.02
15574,4,332,177,675.6,168.9,131,1.29,152,0,0.00
16770,7,432,57,706.7,101,116,2.23,142,1,0.01
17838,7,963,26,1814,259.1,96,2.37,147,15,0.10
17228,8,1532,15,1906.1,238.3,140,1.72,208,0,0.00
14829,7,376,29,591.8,84.5,40,7.30,48,3,0.06
17412,7,738,2,1258.1,179.7,48,5.69,66,0,0.00
14031,23,4954,7,12111,526.6,120,1.39,264,7,0.03
14775,3,1174,58,1011.9,337.3,57,5.32,60,0,0.00
12971,89,9119,3,10677.6,120,94,1.20,309,2,0.01
15834,7,951,70,1925,275,242,1.11,274,3,0.01
17659,15,1447,3,2910,194,127,2.26,164,3,0.02
15299,8,2937,67,3895,486.9,7,33.89,10,2,0.20
15646,5,382,157,402.6,80.5,35,5.97,37,1,0.03
13958,2,-46,372,-204.9,-102.4,5,0.00,10,5,0.50
14443,8,924,53,1381.6,172.7,86,3.13,103,5,0.05
14156,65,56037,9,110811.5,1704.8,714,0.26,1420,19,0.01
16995,2,-2,372,-2.5,-1.2,1,0.00,2,1,0.50
13402,2,479,127,621.2,310.6,32,6.45,39,0,0.00
18168,10,574,176,1087.4,108.7,101,1.33,148,9,0.06
17757,32,3309,1,5549.8,173.4,274,0.50,741,1,0.00
14625,6,325,185,797.3,132.9,52,3.12,61,4,0.07
13011,1,13,372,50.6,50.6,3,0.00,3,0,0.00
13798,64,23082,1,35551.9,555.5,115,0.71,527,89,0.17
15384,4,590,169,629.1,157.3,35,4.61,45,2,0.04
14264,4,62,154,305,76.2,17,10.90,21,2,0.10
13295,3,80,359,194.7,64.9,11,1.18,12,1,0.08
16754,1,4280,372,2002.4,2002.4,2,0.00,2,0,0.00
16634,2,82,222,217.9,109,9,18.75,9,0,0.00
18239,5,795,218,1561.6,312.3,80,1.77,88,0,0.00
14576,1,12,372,35.4,35.4,1,0.00,1,0,0.00
13145,6,139,39,611,101.8,5,47.57,8,1,0.13
14395,13,1681,2,3408.3,262.2,181,1.05,354,3,0.01
14865,2,108,7,52.2,26.1,4,121.67,4,0,0.00
15093,10,3706,18,4223.3,422.3,52,3.08,116,4,0.03
12738,1,147,372,137.4,137.4,10,0.00,10,0,0.00
16150,11,961,38,1759.1,159.9,91,2.17,155,19,0.12
17552,6,699,60,897.4,149.6,44,6.24,51,1,0.02
14236,2,310,80,490.9,245.4,15,20.86,15,0,0.00
17961,39,560,21,1296.4,33.2,211,1.42,249,0,0.00
14573,14,522,179,1540.4,110,127,0.81,239,6,0.03
17135,7,1224,16,1139.7,162.8,34,6.96,52,0,0.00
17396,7,2004,39,7312.8,1044.7,23,13.28,26,0,0.00
14213,2,-488,371,-2384.4,-1192.2,5,0.00,10,5,0.50
12967,5,48,3,728.6,145.7,21,8.00,47,14,0.30
12686,1,106,371,71.1,71.1,6,0.00,6,0,0.00
14679,2,-2,371,-5.1,-2.6,1,0.00,2,1,0.50
15240,8,1353,44,1664.6,208.1,61,3.76,88,5,0.06
18225,18,3166,3,5208.8,289.4,151,1.23,299,15,0.05
13370,3,329,366,687.8,229.3,39,0.10,49,5,0.10
16883,2,103,187,272.5,136.2,33,5.11,37,0,0.00
13520,8,1625,58,2951.1,368.9,48,3.56,89,1,0.01
12841,27,2572,4,3699.7,137,230,0.81,452,19,0.04
16905,9,1379,5,3003.7,333.7,117,1.83,201,1,0.01
12427,6,-68,11,464.9,77.5,25,10.29,36,4,0.11
17967,1,73,371,112.3,112.3,41,0.00,42,0,0.00
16891,5,265,1,742.4,148.5,166,2.00,186,0,0.00
14589,1,5,371,39.8,39.8,3,0.00,3,0,0.00
14680,24,11471,25,25095.6,1045.6,82,0.91,381,62,0.16
17884,4,817,3,695.1,173.8,107,3.29,113,0,0.00
12557,5,4384,16,11991,2398.2,15,11.09,33,0,0.00
14083,9,705,4,1002.9,111.4,162,2.09,177,0,0.00
13013,16,2210,1,4763,297.7,155,1.65,225,3,0.01
14210,8,758,91,1895.9,237,66,2.72,104,1,0.01
16477,7,1415,63,2494.5,356.4,111,2.12,146,0,0.00
12600,10,758,28,2311,231.1,31,6.47,54,0,0.00
16013,53,12348,3,29776.3,561.8,32,2.33,159,10,0.06
17949,50,24694,1,48401,968,28,4.51,83,7,0.08
12779,13,1968,21,3756,288.9,88,2.08,169,10,0.06
16926,1,35,371,230.3,230.3,14,0.00,14,0,0.00
17787,4,896,152,1817.5,454.4,94,1.72,128,0,0.00
12682,31,5485,3,11019.8,355.5,208,0.74,495,0,0.00
14723,6,671,10,1120.7,186.8,192,1.40,258,0,0.00
17954,17,2211,5,2239.4,131.7,327,0.76,485,4,0.01
17819,9,1023,71,3617.3,401.9,36,6.12,50,1,0.02
12712,18,1002,22,3655.1,203.1,58,2.59,136,8,0.06
15373,13,451,8,1989.3,153,73,2.59,141,5,0.04
16140,4,726,52,691.2,172.8,32,8.86,37,1,0.03
17198,3,357,23,692.2,230.7,89,3.66,96,0,0.00
17238,17,1807,2,3719.1,218.8,297,0.67,555,0,0.00
12793,2,292,334,461.5,230.8,20,1.76,22,0,0.00
15769,30,25648,7,47394.7,1579.8,26,2.23,164,17,0.10
14396,2,225,65,488,244,71,4.25,73,0,0.00
14898,9,977,23,1118.9,124.3,87,3.05,115,3,0.03
12725,1,162,371,371.8,371.8,23,0.00,23,0,0.00
16725,8,285,302,744.9,93.1,109,0.48,146,1,0.01
12395,16,2087,15,2641.9,165.1,90,2.39,150,3,0.02
16455,7,988,63,1841.2,263,69,3.14,99,0,0.00
13081,21,18792,1,27606.8,1314.6,510,0.34,1088,32,0.03
15545,2,162,54,289,144.5,78,4.01,80,0,0.00
17243,31,3300,1,8435,272.1,179,0.92,400,7,0.02
15465,25,1177,19,6535.4,261.4,43,3.18,111,7,0.06
15708,12,1199,40,3166.2,263.8,124,1.13,291,9,0.03
13089,119,30459,2,55882.2,469.6,636,0.19,1892,39,0.02
16033,28,3483,5,8601.2,307.2,539,0.31,1158,15,0.01
13838,4,254,5,674.8,168.7,144,2.22,165,0,0.00
15351,11,700,12,1738.7,158.1,160,1.53,235,8,0.03
18055,12,2442,7,6697.2,558.1,223,1.00,364,3,0.01
15038,8,152,43,605.9,75.7,105,2.51,131,3,0.02
18109,32,4194,1,7749.6,242.2,120,0.80,461,10,0.02
13069,28,5035,0,2994.8,107,285,0.72,514,45,0.09
16241,13,1443,9,2590.3,199.3,347,0.55,655,0,0.00
14800,17,3602,47,4125,242.6,248,0.81,397,7,0.02
16839,40,7967,8,14130.2,353.3,116,1.10,328,31,0.09
16168,29,1884,10,3753.6,129.4,57,3.63,100,1,0.01
16931,21,3134,5,4554.9,216.9,448,0.41,886,0,0.00
16814,23,2689,14,6389.8,277.8,121,1.11,320,1,0.00
13269,18,3503,1,5282.7,293.5,178,1.14,323,4,0.01
14813,2,66,369,152.9,76.4,25,0.00,29,0,0.00
12567,12,3829,22,8036.6,669.7,322,0.74,472,17,0.04
17062,6,402,313,520.5,86.8,52,0.81,70,1,0.01
15332,4,652,366,1661.1,415.3,29,0.09,35,0,0.00
14810,11,1015,40,2085.3,189.6,106,1.30,254,0,0.00
16353,23,2006,3,6675.7,290.2,51,3.94,94,0,0.00
18118,32,2843,10,5506.6,172.1,423,0.28,1272,5,0.00
13831,6,743,16,2198.4,366.4,58,4.97,72,0,0.00
13506,4,318,312,447.1,111.8,26,1.84,32,3,0.09
17796,4,176,40,690,172.5,63,4.11,81,0,0.00
15716,4,738,145,1101.1,275.3,101,1.93,117,0,0.00
18156,2,283,12,675.6,337.8,100,2.95,122,0,0.00
15221,3,7,366,-175,-58.3,9,0.19,17,6,0.35
16983,9,1309,12,1883.8,209.3,112,2.48,145,1,0.01
17059,5,1850,29,3080.4,616.1,292,0.66,514,0,0.00
16327,6,2524,14,3789.7,631.6,141,1.13,316,0,0.00
17211,10,1297,26,2282.1,228.2,150,1.60,215,2,0.01
17026,2,97,185,154.8,77.4,4,61.33,4,0,0.00
15570,14,2045,7,4037.7,288.4,232,1.09,333,7,0.02
15880,3,154,369,269,89.7,95,0.00,98,1,0.01
16718,1,407,369,606.1,606.1,41,0.00,44,0,0.00
15808,6,1301,306,3630.9,605.2,143,0.32,199,2,0.01
17858,12,2694,5,5140.7,428.4,101,1.86,197,0,0.00
16393,21,1479,2,2830.6,134.8,121,0.96,383,28,0.07
14527,58,2078,2,8448.9,145.7,329,0.38,976,3,0.00
14161,3,450,215,1097.6,365.9,87,1.50,104,0,0.00
17863,6,2638,59,3160,526.7,110,2.11,148,0,0.00
16411,2,131,19,211.7,105.8,41,8.14,44,0,0.00
16402,2,146,264,293.4,146.7,55,1.88,57,0,0.00
15023,13,2802,3,6622.3,509.4,346,0.66,553,1,0.00
17402,12,700,4,2598.8,216.6,32,6.40,58,0,0.00
15426,8,634,19,1369.1,171.1,222,1.21,291,8,0.03
12647,14,1375,22,3041,217.2,77,2.89,121,6,0.05
15894,2,163,253,257.6,128.8,34,3.31,36,0,0.00
15867,17,2035,5,3773.9,222,301,0.79,461,2,0.00
14506,5,704,17,1960.7,392.1,204,1.20,295,0,0.00
15555,21,4341,12,4699.6,223.8,403,0.38,935,25,0.03
13034,2,369,54,642.8,321.4,37,8.75,37,0,0.00
15889,2,200,156,400.8,200.4,78,2.60,83,0,0.00
15953,11,877,15,1607.6,146.1,65,3.34,107,5,0.05
16143,8,915,3,2414.7,301.8,75,3.10,119,1,0.01
12720,29,4601,2,5014.8,172.9,210,1.05,350,4,0.01
16422,61,33464,17,33937.6,556.4,70,0.91,387,9,0.02
12747,11,1275,2,4196,381.5,42,3.60,103,0,0.00
15502,20,3418,15,4173.2,208.7,163,1.28,277,34,0.12
12763,2,316,138,494.1,247,16,13.59,18,0,0.00
14081,5,586,267,861.9,172.4,126,0.66,156,3,0.02
17965,14,1532,37,2599.2,185.7,274,1.02,325,0,0.00
14404,8,811,33,1370.1,171.3,70,3.33,102,1,0.01
13579,2,176,14,467,233.5,19,16.14,23,0,0.00
13174,3,1351,16,2738.8,912.9,227,1.21,292,0,0.00
15987,7,1533,12,1432.8,204.7,110,2.80,128,0,0.00
17677,44,9672,1,16057.4,364.9,179,1.09,337,17,0.05
13652,3,578,45,1095.1,365,48,5.21,63,0,0.00
12586,3,75,17,162.9,54.3,12,29.25,13,1,0.08
17428,34,9396,0,16900.1,497.1,255,1.03,358,15,0.04
16161,26,2464,1,5131,197.3,291,0.70,522,27,0.05
16858,3,75,366,316.1,105.4,9,0.13,16,3,0.19
18219,12,881,2,1969.8,164.2,58,3.18,116,1,0.01
14293,4,709,3,1046.6,261.6,51,6.08,61,0,0.00
14748,7,1163,29,1221.9,174.6,89,3.68,93,2,0.02
16638,12,1253,22,1672.2,139.4,92,3.64,96,1,0.01
17674,2,672,74,551,275.5,19,11.31,27,0,0.00
12808,3,187,36,455.7,151.9,26,12.77,27,0,0.00
13094,17,1368,21,1490.4,87.7,4,9.91,36,6,0.17
15899,1,39,368,56.2,56.2,4,0.00,4,0,0.00
12708,17,1218,29,2249.7,132.3,85,1.88,181,17,0.09
15898,7,563,1,1375.4,196.5,70,4.32,86,1,0.01
17691,2,134,358,290.4,145.2,18,0.56,19,0,0.00
17227,6,741,18,939.3,156.5,28,7.61,47,0,0.00
15039,53,9095,9,19510.6,368.1,408,0.24,1489,6,0.00
15919,2,385,19,525.7,262.8,103,2.88,122,0,0.00
13497,4,155,282,294,73.5,19,4.30,21,1,0.05
15860,8,437,40,965.2,120.6,105,2.38,139,0,0.00
14189,25,3901,2,4554.5,182.2,176,1.27,289,12,0.04
15304,11,96,60,666.2,60.6,8,11.00,29,3,0.10
14867,5,326,185,692.4,138.5,32,4.95,38,1,0.03
14344,8,477,127,889.9,111.2,56,3.44,71,0,0.00
12474,31,4632,17,6175.5,199.2,252,0.75,472,33,0.07
16719,9,1171,14,1737.2,193,108,1.78,200,2,0.01
15048,6,168,65,374,62.3,86,3.19,96,1,0.01
15301,15,2737,50,4965.5,331,167,1.28,250,4,0.02
14708,5,609,2,1067,213.4,25,12.62,30,1,0.03
16898,5,346,26,372.3,74.5,151,2.16,159,1,0.01
14825,12,989,3,2221,185.1,82,3.07,120,0,0.00
18113,1,72,368,76.3,76.3,1,0.00,1,0,0.00
17596,7,4376,23,2806.7,401,168,1.31,265,0,0.00
15078,39,5033,7,9503.6,243.7,98,0.78,462,11,0.02
14085,20,3175,2,4395.8,219.8,272,0.82,450,1,0.00
17860,1,93,368,226.4,226.4,49,0.00,52,0,0.00
13155,4,497,33,971.8,243,67,3.99,85,0,0.00
15028,4,459,8,627.1,156.8,35,7.66,48,0,0.00
16919,11,1403,156,2592.2,235.7,141,0.65,326,0,0.00
17259,2,388,148,581.2,290.6,104,1.91,116,0,0.00
17019,4,820,11,1258.1,314.5,166,1.57,228,0,0.00
14487,8,710,26,1140,142.5,112,2.43,142,1,0.01
16722,17,4977,17,4691.6,276,96,1.53,231,3,0.01
15882,6,244,198,472.1,78.7,22,7.39,24,1,0.04
14667,28,5312,10,9150.8,326.8,353,0.63,572,3,0.01
16710,10,1823,19,2468,246.8,268,0.89,394,0,0.00
16550,10,1512,108,2233.5,223.4,163,0.96,271,10,0.04
15984,12,1795,2,2739.2,228.3,217,1.37,268,5,0.02
17682,8,1363,10,2444.3,305.5,48,3.01,120,1,0.01
16658,1,40,368,123.2,123.2,8,0.00,8,0,0.00
17068,23,2139,12,4504.3,195.8,115,1.20,297,1,0.00
15356,10,1643,31,2718,271.8,215,0.68,499,0,0.00
17223,2,109,310,381.9,191,42,1.26,47,0,0.00
16817,14,702,2,1289.2,92.1,76,3.55,104,9,0.09
13030,2,348,11,752.4,376.2,76,3.92,92,0,0.00
17191,7,1166,28,2093.7,299.1,163,1.45,236,0,0.00
15194,23,5593,3,7425.8,322.9,209,1.07,342,16,0.05
14409,8,1086,71,1757,219.6,40,5.40,56,1,0.02
16654,6,278,141,588.7,98.1,29,7.09,33,2,0.06
16861,4,128,59,138.4,34.6,7,44.14,8,1,0.13
16138,2,-2,368,-15.9,-8,1,0.00,2,1,0.50
13481,9,1112,45,1749.1,194.3,98,2.83,115,3,0.03
13495,7,799,7,1935.4,276.5,34,6.56,56,4,0.07
17519,8,1230,17,1834.1,229.3,60,4.23,84,1,0.01
17218,10,955,4,1952,195.2,146,1.35,271,0,0.00
17812,4,329,12,699.8,175,113,2.70,133,0,0.00
14215,8,1350,11,1766.1,220.8,98,3.28,110,1,0.01
15602,15,861,8,906.9,60.5,30,6.55,56,5,0.09
17320,3,634,100,1200.6,400.2,57,3.72,73,0,0.00
16782,20,687,10,2192.6,109.6,103,1.83,197,7,0.04
12913,5,1417,4,2453.6,490.7,36,7.74,48,0,0.00
17869,5,111,107,428.2,85.6,37,6.69,40,0,0.00
13564,2,635,354,1174,587,67,0.18,80,0,0.00
14850,3,277,311,230.6,76.9,22,2.55,23,1,0.04
15021,14,783,8,1786.7,127.6,287,0.79,458,7,0.02
13963,4,460,308,664.5,166.1,35,1.74,35,0,0.00
17450,50,68069,8,184760.3,3695.2,124,1.05,342,3,0.01
17091,11,1740,2,3777.9,343.4,119,1.83,201,3,0.01
17470,5,1675,44,1125.1,225,67,4.19,78,0,0.00
17616,3,224,173,571.2,190.4,1,97.00,3,0,0.00
15649,2,192,336,816,408,1,31.00,2,0,0.00
12681,27,7427,14,12253.6,453.8,266,0.56,630,7,0.01
14907,11,1681,3,3456.6,314.2,125,2.14,171,3,0.02
17735,19,8439,2,13110,690,319,0.53,690,0,0.00
16059,6,641,65,1453.2,242.2,126,1.71,178,0,0.00
17720,4,576,26,1195.9,299,39,6.96,50,0,0.00
15018,5,187,38,416.3,83.3,30,10.28,33,1,0.03
14733,16,3686,9,9317.2,582.3,102,1.56,230,14,0.06
13756,16,3140,2,5100.7,318.8,66,2.55,144,1,0.01
14176,6,205,297,571.1,95.2,28,2.19,33,1,0.03
13319,37,4648,5,10483.1,283.3,211,0.69,524,24,0.05
15353,2,341,254,770.1,385,59,1.88,61,0,0.00
18119,1,124,367,180.7,180.7,29,0.00,29,0,0.00
17491,12,2011,1,3525,293.8,72,3.33,111,1,0.01
14282,15,2656,3,3701.4,246.8,70,2.38,154,0,0.00
13569,2,155,17,337.1,168.6,72,4.55,78,0,0.00
14673,5,1004,3,1736.4,347.3,39,4.99,74,0,0.00
13488,18,4506,17,8852.9,491.8,272,0.81,432,5,0.01
16221,3,714,36,860.9,287,90,3.52,95,0,0.00
15002,4,862,115,1641.8,410.4,93,2.21,115,0,0.00
15965,4,434,17,808.9,202.2,88,3.18,111,0,0.00
15024,10,902,9,1636.4,163.6,105,2.37,152,0,0.00
17675,42,8195,1,19806.9,471.6,239,0.50,736,16,0.02
13769,17,1141,2,2747.2,161.6,73,2.43,151,8,0.05
16904,15,1973,4,3634.9,242.3,385,0.55,663,0,0.00
16086,7,509,59,1117.2,159.6,24,7.70,41,1,0.02
13786,1,136,367,230.4,230.4,7,0.00,7,0,0.00
13880,13,1842,21,3219.8,247.7,125,2.11,165,0,0.00
13173,2,277,4,353.7,176.8,41,8.64,43,0,0.00
15858,5,1163,15,1427.6,285.5,145,1.88,188,0,0.00
15180,1,36,367,87.5,87.5,6,0.00,6,0,0.00
12347,7,2458,2,4310,615.7,103,2.02,182,0,0.00
14739,9,3814,2,3895.9,432.9,47,5.98,62,1,0.02
16293,13,974,8,2224.5,171.1,102,2.97,122,2,0.02
17419,15,1868,11,4175.4,278.4,155,1.70,210,2,0.01
16775,11,439,10,1691.5,153.8,84,2.29,157,0,0.00
16306,10,455,213,572.3,57.2,36,3.35,47,3,0.06
16950,3,644,56,1178.6,392.9,39,7.59,42,0,0.00
17591,9,998,73,2181.8,242.4,81,1.86,159,1,0.01
12839,16,3803,2,5584.8,349,95,1.16,316,1,0.00
13807,1,36,367,112.6,112.6,7,0.00,7,0,0.00
16125,1,124,367,289.4,289.4,13,0.00,13,0,0.00
15081,7,186,22,469.9,67.1,26,9.58,37,2,0.05
18102,60,64124,0,259657.3,4327.6,150,0.85,431,0,0.00
16365,9,504,17,1540.4,171.2,45,7.00,51,0,0.00
17870,14,1349,2,1856,132.6,214,1.34,272,1,0.00
14821,1,20,366,48.8,48.8,2,0.00,2,0,0.00
16863,5,375,29,459.9,92,25,11.62,30,2,0.07
13078,44,5484,1,12236.6,278.1,96,0.91,402,22,0.05
13267,28,1909,2,4287.4,153.1,88,1.54,237,13,0.05
13050,29,3665,9,5528.6,190.6,245,0.81,440,19,0.04
12709,27,3689,3,8519,315.5,101,1.22,298,48,0.16
15628,11,1870,4,2861,260.1,85,2.29,159,2,0.01
12386,2,354,337,401.9,201,10,3.22,10,0,0.00
14796,28,5825,1,7608,271.7,402,0.31,1179,24,0.02
16779,29,5123,2,10260.4,353.8,161,1.03,353,11,0.03
13599,34,3045,1,4907.2,144.3,171,1.32,278,16,0.06
13329,5,391,31,691.8,138.4,16,16.75,21,2,0.10
18077,11,1839,8,2584.4,234.9,101,1.61,223,0,0.00
14744,10,622,16,1062.1,106.2,20,12.50,29,2,0.07
17406,6,774,330,1641,273.5,99,0.31,117,3,0.03
15750,10,1769,2,2434.5,243.4,214,1.24,295,2,0.01
13983,14,1157,29,2577.5,184.1,91,2.91,117,5,0.04
13842,9,1768,58,3385.6,376.2,155,1.50,206,0,0.00
12441,1,120,366,155.6,155.6,10,0.00,10,0,0.00
13199,39,6167,3,9775.8,250.7,47,3.05,120,1,0.01
14032,19,1984,2,2884.1,151.8,53,2.28,161,9,0.06
17706,23,3767,4,9690.2,421.3,270,0.89,408,13,0.03
16081,5,1473,56,2799.4,559.9,175,1.40,223,0,0.00
16525,30,5589,2,10763.7,358.8,75,1.69,217,17,0.08
14952,16,3235,46,7726.1,482.9,119,2.01,160,11,0.07
17975,15,1531,15,4289.6,286,188,1.20,294,1,0.00
16122,4,1128,73,684.4,171.1,26,7.92,38,0,0.00
13126,11,2117,4,2012.9,183,124,2.53,144,2,0.01
15973,4,68,235,-108.3,-27.1,4,18.71,8,2,0.25
16558,25,5315,0,8175.6,327,264,0.75,488,14,0.03
16713,22,4247,18,6745,306.6,339,0.55,635,8,0.01
16893,1,62,366,145.9,145.9,44,0.00,45,0,0.00
15529,13,3440,22,3905.1,300.4,414,0.52,665,2,0.00
15498,31,6075,2,13188.7,425.4,360,0.70,522,5,0.01
18043,3,265,24,529.3,176.4,106,3.00,115,0,0.00
16016,11,598,3,1414.6,128.6,156,1.60,228,2,0.01
17722,7,1549,96,2337.2,333.9,112,2.18,125,5,0.04
17324,4,843,17,986.5,246.6,43,7.27,49,0,0.00
17341,3,443,156,682.3,227.4,147,1.35,157,0,0.00
14051,27,3725,0,15329.3,567.8,51,1.68,219,5,0.02
15916,11,742,16,1429.2,129.9,125,2.19,161,5,0.03
16233,6,156,71,307.6,51.3,22,10.93,28,3,0.11
16385,3,258,60,554.9,185,52,5.46,57,0,0.00
15032,6,2368,256,3969.1,661.5,29,1.93,58,3,0.05
17213,12,1158,40,2700.9,225.1,85,1.92,171,7,0.04
18061,10,955,21,2119.4,211.9,18,7.67,46,0,0.00
13113,40,2147,0,8801.3,220,112,1.03,356,78,0.22
16553,15,4590,163,5609.3,374,63,2.33,88,2,0.02
13455,5,336,24,956.4,191.3,42,5.80,60,7,0.12
14217,25,665,1,1845.7,73.8,78,3.23,114,7,0.06
17262,5,367,52,1253.4,250.7,9,28.55,12,0,0.00
14299,19,1877,8,1745.1,91.8,94,1.99,181,19,0.11
18259,3,714,24,2338.6,779.5,27,8.34,42,0,0.00
17676,6,922,4,1371.2,228.5,49,4.76,77,0,0.00
16679,1,29,366,129.8,129.8,3,0.00,3,0,0.00
18269,3,64,358,109.2,36.4,7,1.00,9,1,0.11
12766,7,3627,3,6457.6,922.5,204,1.19,306,0,0.00
15298,15,2388,2,2748.3,183.2,115,1.87,196,2,0.01
18193,4,116,150,182.2,45.6,17,11.37,20,2,0.10
13523,7,1738,33,3545.9,506.6,157,1.84,182,5,0.03
12870,2,-4,366,-29.8,-14.9,2,0.00,4,2,0.50
15005,36,4144,15,6024,167.3,367,0.29,1191,40,0.03
15581,10,280,156,717.4,71.7,133,1.48,143,0,0.00
15680,3,952,9,1333.7,444.6,61,4.64,78,0,0.00
13649,2,139,256,346.6,173.3,23,5.00,23,0,0.00
17894,8,402,71,1118.5,139.8,126,1.55,191,0,0.00
13270,1,200,366,590,590,1,0.00,1,0,0.00
14618,5,256,9,493.7,98.7,10,23.80,16,1,0.06
14866,13,6385,10,13968.5,1074.5,29,3.39,106,4,0.04
13077,4,862,1,728,182,99,3.32,111,0,0.00
13115,15,1501,8,2116.5,141.1,92,2.50,144,12,0.08
13531,2,174,205,483.8,241.9,17,7.67,22,0,0.00
13848,3,3700,92,1255,418.3,3,68.50,5,0,0.00
13140,3,185,108,422.5,140.8,40,5.86,45,0,0.00
15713,4,148,143,336.8,84.2,18,11.15,21,1,0.05
17999,2,219,37,380.4,190.2,87,3.66,91,0,0.00
15347,1,130,366,201.6,201.6,5,0.00,5,0,0.00
17340,16,5839,9,11963.3,747.7,230,0.82,439,16,0.04
13984,7,-137,26,55.6,7.9,14,20.00,18,1,0.06
15996,8,376,88,1000.8,125.1,103,2.17,129,1,0.01
14030,8,1478,18,2358.8,294.8,210,1.44,242,0,0.00
16252,2,-316,366,-590.2,-295.1,21,0.00,42,21,0.50
16596,2,97,15,250.2,125.1,12,31.91,12,0,0.00
16700,18,4014,8,5003.5,278,159,1.14,316,4,0.01
16011,16,2035,8,3353,209.6,99,1.71,210,0,0.00
17655,9,796,10,2504.5,278.3,66,3.79,95,2,0.02
16717,10,1264,9,2683,268.3,178,1.32,272,37,0.14
14243,15,1187,8,2483,165.5,99,2.32,155,7,0.05
12963,8,881,8,1856.6,232.1,75,3.80,95,0,0.00
15079,6,387,212,891.7,148.6,47,3.19,49,1,0.02
14437,1,60,365,63,63,5,0.00,5,0,0.00
12942,3,198,131,675.6,225.2,68,3.39,70,0,0.00
15660,13,1024,25,1503.2,115.6,55,3.51,98,4,0.04
18092,13,4248,2,9063.3,697.2,28,4.03,91,1,0.01
15358,30,6806,4,8124.1,270.8,292,0.64,569,9,0.02
12481,12,3234,22,4992.9,416.1,149,1.64,210,1,0.00
12721,8,1934,31,2331.8,291.5,133,2.09,161,3,0.02
12621,24,7297,1,12256.5,510.7,260,0.79,463,7,0.02
18071,2,260,257,453,226.5,23,4.50,25,0,0.00
12683,20,4766,4,7101.6,355.1,176,0.99,367,18,0.05
12755,4,243,249,629.5,157.4,4,23.20,6,1,0.17
13854,30,2260,8,7940.5,264.7,39,3.05,118,4,0.03
12797,4,39,360,106.3,26.6,12,0.26,20,4,0.20
13369,3,104,354,169.2,56.4,13,0.50,23,5,0.22
12494,14,666,9,906.6,64.8,62,4.34,83,6,0.07
17857,25,14482,3,25070.1,1002.8,18,7.10,52,2,0.04
17411,5,290,12,718.9,143.8,41,8.02,45,2,0.04
14932,1,79,365,313.5,313.5,16,0.00,16,0,0.00
12429,4,1538,9,3388.4,847.1,81,3.83,94,0,0.00
14987,2,128,15,326.4,163.2,2,116.67,4,0,0.00
14355,1,92,365,174.4,174.4,11,0.00,11,0,0.00
17526,9,204,1,217.5,24.2,17,14.00,27,4,0.15
14896,2,279,204,468.8,234.4,43,3.83,43,0,0.00
14440,5,588,8,2357.7,471.5,33,6.61,55,0,0.00
13240,4,297,96,648.7,162.2,58,4.14,66,0,0.00
14479,2,117,253,316.2,158.1,18,6.59,18,0,0.00
16065,1,228,365,367.1,367.1,71,0.00,73,0,0.00
17430,2,190,32,265.8,132.9,14,25.62,14,0,0.00
16520,5,556,186,1026.7,205.3,129,1.14,158,1,0.01
15945,1,52,365,181,181,2,0.00,2,0,0.00
15181,5,542,66,679.6,135.9,12,17.59,18,1,0.06
15856,32,10735,4,15714.6,491.1,296,0.56,643,8,0.01
13102,28,4116,1,6248.5,223.2,141,1.16,316,6,0.02
14205,4,-4,16,-9.7,-2.4,34,6.84,52,14,0.27
17702,7,1287,30,1615.1,230.7,62,3.94,86,6,0.07
15271,17,1241,7,2450.8,144.2,184,1.35,266,1,0.00
13982,6,1128,39,1850.4,308.4,72,2.76,119,4,0.03
15288,5,775,43,2306.5,461.3,80,3.70,88,0,0.00
17978,1,499,365,300.9,300.9,12,0.00,12,0,0.00
16795,1,239,365,414.9,414.9,64,0.00,66,0,0.00
16519,2,53,25,213,106.5,12,30.91,12,0,0.00
17816,4,30,36,36.6,9.2,16,20.56,17,0,0.00
13021,13,1320,4,2552.4,196.3,103,2.65,137,3,0.02
16255,11,1753,16,2598.7,236.2,146,1.26,278,4,0.01
17671,7,546,15,995.5,142.2,40,5.15,69,8,0.12
17646,5,317,219,982.9,196.6,46,2.61,57,3,0.05
12649,5,559,107,529.9,106,29,8.06,33,2,0.06
16350,6,539,21,1084.5,180.8,41,5.55,63,3,0.05
12872,2,319,326,600,300,58,0.60,66,0,0.00
17339,2,152,94,243.4,121.7,9,33.88,9,0,0.00
18230,11,1280,9,2623,238.5,32,3.91,92,3,0.03
16499,6,117,360,272.8,45.5,20,0.21,25,3,0.12
17097,10,455,2,921.4,92.1,153,1.70,215,2,0.01
15192,3,918,119,1044.3,348.1,36,4.92,51,0,0.00
14441,11,414,0,1377.4,125.2,45,5.53,67,8,0.12
15279,3,181,354,264.3,88.1,21,0.50,23,2,0.09
16579,2,-24,365,-61.2,-30.6,1,0.00,2,1,0.50
15380,7,372,8,1674.5,239.2,22,9.65,38,1,0.03
17442,11,1484,29,2172,197.5,97,2.33,145,5,0.03
17950,5,318,72,462,92.4,63,4.07,73,1,0.01
12826,9,1050,2,1461.5,162.4,58,3.78,97,3,0.03
17456,1,222,365,249.9,249.9,17,0.00,17,0,0.00
17307,2,-288,365,-305.3,-152.6,1,0.00,2,1,0.50
15811,10,1051,17,2124,212.4,117,2.42,145,6,0.04
13327,10,1576,38,3607.4,360.7,74,3.00,110,1,0.01
17700,7,1256,16,2483.1,354.7,118,2.34,150,4,0.03
13136,12,1296,50,2483.2,206.9,97,2.10,151,12,0.08
15535,8,107,173,349.9,43.7,55,2.49,78,3,0.04
12605,2,-8,365,-15,-7.5,3,0.00,6,3,0.50
15329,6,474,35,965.3,160.9,51,5.16,65,4,0.06
15211,2,240,60,894.4,447.2,52,5.98,52,0,0.00
15596,10,535,100,1280.1,128,51,2.94,91,7,0.08
16163,4,-8,225,26.6,6.6,5,20.00,8,1,0.13
16907,5,286,29,928.8,185.8,89,2.42,140,0,0.00
17576,23,1887,8,3235,140.7,245,0.86,414,6,0.01
14713,13,1609,9,2658,204.5,146,1.04,342,2,0.01
14702,19,1419,1,3168.8,166.8,196,1.06,344,1,0.00
13230,16,1396,4,2668.5,166.8,393,0.61,589,1,0.00
13969,21,4410,7,8889.7,423.3,334,0.57,633,7,0.01
17530,10,1511,1,2362.5,236.2,305,0.94,388,0,0.00
15805,21,3267,23,5335.6,254.1,220,1.10,311,6,0.02
17696,15,1704,38,2116.4,141.1,79,2.40,137,11,0.08
17076,3,295,36,841.1,280.4,17,13.67,25,0,0.00
17827,5,1240,5,1987.3,397.5,190,1.68,215,0,0.00
16265,12,2606,9,5299.3,441.6,163,1.37,260,2,0.01
17880,1,314,364,458.9,458.9,26,0.00,26,0,0.00
13000,3,379,106,534.9,178.3,30,8.60,31,0,0.00
17790,14,835,26,1964.3,140.3,121,1.80,189,0,0.00
12731,15,8289,23,18568.9,1237.9,108,1.24,277,2,0.01
14419,6,483,10,1051.8,175.3,112,1.76,202,0,0.00
14082,1,110,364,182.2,182.2,28,0.00,29,0,0.00
17912,7,180,310,279.3,39.9,35,1.35,41,2,0.05
15723,1,73,364,190.7,190.7,37,0.00,38,0,0.00
16656,22,8852,22,8510.7,386.8,14,3.98,87,7,0.08
14037,2,46,176,147.2,73.6,27,6.96,28,0,0.00
14256,4,406,254,901.1,225.3,51,2.04,55,1,0.02
14543,22,533,3,2330.4,105.9,41,2.84,128,30,0.23
16062,4,800,9,1153.6,288.4,50,5.63,64,0,0.00
18116,8,819,67,1399.5,174.9,229,0.80,370,0,0.00
16019,11,1565,1,3114.2,283.1,133,2.15,170,5,0.03
18178,7,975,113,1556,222.3,80,2.51,101,2,0.02
18065,16,1021,5,2367.3,148,110,2.60,139,1,0.01
13148,18,1671,29,2966,164.8,238,0.91,368,28,0.08
12989,20,2887,3,6784.9,339.2,41,5.08,72,4,0.06
14107,9,1783,51,2673.7,297.1,61,2.52,125,1,0.01
15881,9,138,312,375.1,41.7,26,1.53,35,3,0.09
12785,3,123,2,243.5,81.2,13,25.86,15,1,0.07
16727,1,167,364,256.3,256.3,41,0.00,44,0,0.00
15514,14,1424,12,1791.2,127.9,96,1.55,228,31,0.14
13787,2,337,75,309,154.5,24,9.63,31,0,0.00
17865,28,5638,30,9788.7,349.6,190,0.82,407,19,0.05
17220,14,1897,24,3187.6,227.7,303,0.73,467,0,0.00
16565,1,46,364,173.7,173.7,3,0.00,3,0,0.00
16873,11,3810,4,7009,637.2,179,1.21,299,10,0.03
14062,12,5593,9,10464.8,872.1,60,3.23,111,0,0.00
15179,8,1876,18,2165.5,270.7,91,3.60,97,2,0.02
18016,5,1027,32,1477.7,295.5,90,2.74,122,0,0.00
14448,2,104,9,375.4,187.7,20,18.68,20,0,0.00
15503,1,70,362,141,141,66,0.00,66,0,0.00
17251,1,108,362,269.8,269.8,37,0.00,37,0,0.00
16923,27,2876,12,5907.5,218.8,316,0.52,674,24,0.04
14159,15,4319,19,4598.6,306.6,500,0.29,1190,8,0.01
17126,8,776,152,963.6,120.4,189,0.84,252,2,0.01
15224,4,148,358,298.9,74.7,13,0.24,18,2,0.11
14577,4,353,12,859.7,214.9,86,2.87,123,0,0.00
12753,12,11079,3,20618.6,1718.2,132,1.37,263,33,0.13
17236,6,474,12,916.1,152.7,88,3.37,105,0,0.00
17372,8,747,40,1337.2,167.2,215,1.29,251,0,0.00
16367,2,643,37,800.7,400.4,123,2.58,127,0,0.00
12875,2,2019,143,343.2,171.6,1,219.00,2,0,0.00
17917,3,184,45,335,111.7,77,3.48,92,0,0.00
16010,3,202,245,392.4,130.8,62,1.50,79,0,0.00
17085,7,781,123,1539.2,219.9,116,1.26,190,2,0.01
13668,30,3512,2,6014.8,200.5,286,0.69,525,31,0.06
14684,5,821,25,1201.5,240.3,231,0.87,390,0,0.00
17188,10,1274,11,2076.9,207.7,71,3.77,94,5,0.05
15547,14,3999,7,4910.6,350.8,441,0.51,695,0,0.00
15998,7,2024,36,3068.6,438.4,373,0.64,510,3,0.01
14413,1,67,362,121,121,22,0.00,22,0,0.00
18004,1,75,362,157.9,157.9,32,0.00,37,0,0.00
13959,3,355,79,594,198,79,3.18,90,0,0.00
16665,1,59,362,135.4,135.4,9,0.00,9,0,0.00
15454,1,86,362,179.1,179.1,23,0.00,25,0,0.00
15044,23,2767,19,7493,325.8,233,0.75,460,8,0.02
17937,7,1754,8,4301.2,614.5,19,8.43,43,0,0.00
14608,4,437,4,1785.2,446.3,8,18.84,20,0,0.00
17618,3,319,5,930.3,310.1,56,5.41,67,0,0.00
14505,12,2707,17,5685.5,473.8,542,0.44,793,4,0.01
18037,6,20,154,70,11.7,19,11.56,19,0,0.00
13198,9,2642,10,3366.9,374.1,200,1.52,232,3,0.01
12540,20,6604,19,11397.8,569.9,277,0.73,467,3,0.01
13225,9,3288,3,5702.2,633.6,23,10.23,36,2,0.06
15361,1,336,361,418.9,418.9,7,0.00,7,0,0.00
15689,2,84,119,254.1,127,8,30.25,9,0,0.00
14290,7,911,11,2300.2,328.6,90,3.37,105,2,0.02
13209,12,4211,30,5748.7,479.1,255,0.99,337,8,0.02
13999,16,2219,10,3828.7,239.3,102,1.63,216,4,0.02
14498,5,1098,42,1957.3,391.5,162,1.66,193,0,0.00
15854,12,926,4,2969.1,247.4,105,2.61,138,0,0.00
16701,19,6029,8,4902.2,258,99,2.17,164,10,0.06
16927,3,993,115,543.1,181,5,49.20,6,0,0.00
17990,3,414,236,630.8,210.3,27,4.46,29,0,0.00
14544,2,1536,24,2004.3,1002.2,97,3.06,111,0,0.00
17338,11,3036,17,6427.1,584.3,389,0.48,725,3,0.00
17231,15,1712,12,3031.7,202.1,294,0.65,541,5,0.01
17799,12,1747,22,2979.5,248.3,280,0.83,408,2,0.00
14565,7,1521,95,2898.4,414.1,110,2.09,128,2,0.02
16726,5,945,26,1358.7,271.7,121,1.89,178,0,0.00
17303,1,144,361,250,250,53,0.00,53,0,0.00
14639,9,1425,52,2920.2,324.5,138,1.75,178,3,0.02
17611,20,2534,3,3888.4,194.4,440,0.62,579,6,0.01
17179,3,290,178,711.8,237.3,56,2.32,80,0,0.00
17524,1,90,361,145,145,6,0.00,6,0,0.00
12476,21,2215,1,5358.7,255.2,176,1.26,286,31,0.11
17293,9,1135,8,1854.1,206,93,2.69,132,0,0.00
17890,2,402,322,586.9,293.4,88,0.43,91,0,0.00
17375,5,355,190,344.9,69,65,2.38,73,2,0.03
17371,3,151,17,418.4,139.5,83,4.05,86,0,0.00
17969,2,152,166,228.2,114.1,14,15.00,14,0,0.00
15159,35,11347,1,18506.4,528.8,363,0.49,730,10,0.01
13211,3,834,10,1095.4,365.1,45,6.50,55,0,0.00
15777,6,372,241,996.1,166,18,5.45,23,1,0.04
14525,14,2593,8,4084.2,291.7,217,1.20,294,6,0.02
13324,13,5195,32,7023.6,540.3,25,4.21,79,2,0.03
13802,7,1990,138,3213.1,459,57,3.13,72,6,0.08
13948,1,40,360,102,102,3,0.00,3,0,0.00
13008,3,55,323,127.5,42.5,15,2.47,16,1,0.06
14206,3,272,239,288.4,96.1,21,5.76,22,1,0.05
16202,1,191,360,365.3,365.3,18,0.00,18,0,0.00
16442,3,443,1,609.3,203.1,161,2.11,171,0,0.00
18075,15,1410,23,2465.7,164.4,97,2.07,164,11,0.07
15468,6,145,35,409.4,68.2,25,9.85,34,5,0.15
16570,16,1988,8,3507.5,219.2,70,2.53,140,7,0.05
14524,9,669,31,1843.8,204.9,161,1.68,197,0,0.00
18141,2,-24,360,-70.8,-35.4,1,0.00,2,1,0.50
12434,5,352,84,724.2,144.8,49,4.84,58,4,0.07
16810,3,110,192,241.7,80.6,16,10.50,17,1,0.06
14961,13,3676,10,6968.5,536,193,1.09,322,5,0.02
17041,5,919,26,1039.9,208,59,4.77,71,1,0.01
16458,18,2154,2,3482.7,193.5,52,1.78,202,0,0.00
16083,2,908,100,1317.6,658.8,31,8.67,31,0,0.00
16262,2,-10,360,-63.3,-31.6,3,0.00,6,3,0.50
17194,1,112,360,226.8,226.8,25,0.00,25,0,0.00
14057,19,4537,23,6070.5,319.5,179,1.14,297,7,0.02
14871,4,179,3,501.3,125.3,68,3.88,93,0,0.00
13178,11,3570,26,5725.5,520.5,95,1.27,265,0,0.00
18044,12,1031,4,2082.7,173.6,88,2.78,129,1,0.01
16812,1,81,360,479.4,479.4,15,0.00,15,0,0.00
16191,25,3057,2,4652.6,186.1,66,2.17,166,16,0.10
12370,4,2349,51,3421.9,855.5,142,1.88,165,0,0.00
14298,46,57699,3,50197.6,1091.3,884,0.22,1643,3,0.00
17158,3,778,32,1267,422.3,53,4.97,67,0,0.00
14415,19,2920,1,5678.1,298.8,284,0.58,623,22,0.04
16899,6,520,7,1271.1,211.8,80,2.89,123,0,0.00
16531,7,915,22,1244.6,177.8,68,4.45,77,0,0.00
17404,17,31896,4,28569.8,1680.6,109,1.78,201,3,0.01
16556,7,1890,66,3313.8,473.4,144,1.43,207,0,0.00
16805,2,539,173,460.6,230.3,94,1.93,98,0,0.00
16503,6,565,106,1410.9,235.2,71,2.92,88,2,0.02
17739,9,851,11,2780.8,309,29,7.27,49,1,0.02
13238,6,294,11,660.9,110.2,20,10.91,33,1,0.03
12829,4,374,322,213.1,53.3,9,3.17,13,1,0.08
13097,15,2318,32,5798.9,386.6,214,0.74,447,13,0.03
12867,11,4238,26,3916.6,356.1,240,0.60,558,12,0.02
15392,6,1253,4,1495.9,249.3,74,4.19,86,1,0.01
13846,5,378,24,830.2,166,56,5.60,61,3,0.05
14401,15,4503,4,4028.5,268.6,113,1.94,184,1,0.01
16145,19,3021,8,3684.5,193.9,134,1.41,250,13,0.05
17629,10,1612,5,1739.1,173.9,105,2.88,124,1,0.01
14150,2,496,35,658.6,329.3,23,12.96,26,0,0.00
13496,4,317,10,582.5,145.6,28,9.69,37,1,0.03
13611,5,746,89,1127.2,225.4,67,3.60,76,2,0.03
16954,9,1054,0,2085.1,231.7,40,6.77,54,0,0.00
17454,4,243,192,517.5,129.4,57,2.78,61,0,0.00
17449,9,1106,2,2484.2,276,177,1.28,279,2,0.01
17230,12,1455,264,3294.9,274.6,51,1.25,77,4,0.05
12865,4,829,26,1527.9,382,87,3.47,97,1,0.01
15950,6,705,1,1624.2,270.7,86,3.38,107,5,0.05
15512,2,68,155,121,60.5,7,34.00,7,0,0.00
17525,1,82,359,422.7,422.7,9,0.00,9,0,0.00
13458,23,5412,7,9429.3,410,242,0.87,406,12,0.03
14426,17,1979,18,3356.1,197.4,187,1.13,304,40,0.13
16003,5,1185,29,2735.4,547.1,82,3.24,103,0,0.00
13092,7,263,70,441.8,63.1,19,11.12,27,1,0.04
13426,12,2205,0,3475.3,289.6,103,2.27,159,1,0.01
15101,4,237,8,302.5,75.6,8,39.00,10,1,0.10
17033,3,750,86,1030.1,343.4,24,10.11,28,0,0.00
13221,2,243,240,844.9,422.4,61,1.86,65,0,0.00
14201,10,566,60,628.6,62.9,32,7.48,41,2,0.05
17692,6,612,127,710.6,118.4,33,5.04,47,1,0.02
15822,2,375,3,885.5,442.8,28,11.13,33,0,0.00
16134,4,343,21,589.3,147.3,34,8.45,41,3,0.07
17551,1,142,359,290.3,290.3,39,0.00,39,0,0.00
18050,1,40,359,74.4,74.4,5,0.00,5,0,0.00
14913,4,1743,35,1227.4,306.8,76,3.77,87,0,0.00
12666,2,-112,359,-454.9,-227.4,2,0.00,4,2,0.50
15641,4,1562,105,1887.2,471.8,102,2.15,119,0,0.00
13124,3,2119,89,3756.3,1252.1,185,1.22,222,0,0.00
17214,8,270,60,889.1,111.1,79,2.93,103,1,0.01
15456,3,633,283,434.6,144.9,48,1.33,58,0,0.00
15062,4,763,71,987.9,247,47,5.14,57,0,0.00
12928,5,1472,35,2062.7,412.5,59,3.90,84,0,0.00
15727,7,3063,16,5159.1,737,213,1.14,301,0,0.00
17980,3,682,165,811.4,270.5,23,6.69,30,0,0.00
15290,22,4360,4,7649.3,347.7,92,1.63,219,8,0.04
17752,1,192,359,80.6,80.6,1,0.00,1,0,0.00
15615,28,5478,10,10320.3,368.6,185,0.80,435,6,0.01
12577,5,456,35,497.9,99.6,136,2.22,147,1,0.01
17044,4,470,8,846.4,211.6,8,27.00,14,4,0.29
13829,2,-24,359,-204,-102,1,0.00,2,1,0.50
17633,7,616,31,1159.8,165.7,60,4.49,74,2,0.03
13266,20,4170,11,3601.1,180.1,83,1.61,217,15,0.07
17820,3,-10,191,-48.1,-16,5,18.67,10,5,0.50
15664,3,125,50,330.8,110.3,19,15.45,21,2,0.10
17189,2,226,106,383.7,191.8,52,4.29,60,0,0.00
17496,1,79,358,271,271,10,0.00,10,0,0.00
16607,17,2785,17,2729.6,160.6,140,1.95,176,2,0.01
13317,10,971,64,2006.5,200.6,101,2.03,146,11,0.08
13890,15,821,1,1837.9,122.5,74,3.05,118,4,0.03
17001,11,2164,0,3989.6,362.7,75,2.13,169,0,0.00
15246,2,247,238,514.2,257.1,32,3.75,33,0,0.00
16996,10,524,30,1398,139.8,14,7.45,45,4,0.09
15482,16,959,15,1867.3,116.7,45,2.24,154,29,0.19
16037,3,428,269,855,285,37,2.34,39,0,0.00
14841,6,1778,53,3295.8,549.3,103,2.23,138,0,0.00
16670,18,2492,16,3949,219.4,179,1.26,272,10,0.04
16985,12,1828,17,5459.1,454.9,62,2.82,122,1,0.01
16705,30,5440,0,13857.3,461.9,135,1.21,298,14,0.05
16470,6,520,51,742.9,123.8,120,1.86,166,1,0.01
14414,9,2506,91,1473.3,163.7,79,2.72,99,1,0.01
15563,6,1419,8,1259.9,210,87,3.02,117,3,0.03
12980,13,842,155,6809.2,523.8,6,7.52,28,4,0.14
16746,20,4654,4,6673.4,333.7,234,0.79,450,3,0.01
14878,9,799,12,1476.1,164,62,2.86,122,0,0.00
16743,9,1961,29,2120.6,235.6,89,1.70,194,2,0.01
17146,3,212,105,749.8,249.9,33,7.44,35,0,0.00
12877,12,1178,3,1535.8,128,100,2.32,154,0,0.00
15394,4,910,9,2183.5,545.9,54,4.15,85,0,0.00
14621,7,981,1,1743.2,249,80,3.61,100,4,0.04
15379,9,2281,169,3560.5,395.6,145,0.96,198,2,0.01
14309,11,1605,8,2286.8,207.9,75,2.73,129,6,0.05
17288,7,1201,9,1417.6,202.5,118,2.51,140,0,0.00
14709,15,2480,15,4901.2,326.7,71,1.74,198,1,0.01
15157,6,2094,3,1823.6,303.9,125,2.57,139,7,0.05
17744,6,3412,3,2322.4,387.1,110,2.63,136,0,0.00
16316,13,1448,64,2572.2,197.9,121,1.84,161,5,0.03
15620,7,883,50,1495.6,213.7,92,2.88,108,4,0.04
15789,1,438,358,351.3,351.3,25,0.00,25,0,0.00
16560,4,488,21,791.6,197.9,52,5.91,58,1,0.02
13534,44,2791,2,5356.1,121.7,119,0.92,388,46,0.12
17580,3,87,252,212.8,70.9,42,2.47,44,0,0.00
14777,3,-18,4,-34.9,-11.6,2,70.80,6,3,0.50
15759,3,60,218,253,84.3,5,23.33,7,0,0.00
14373,1,17,358,76.6,76.6,4,0.00,4,0,0.00
18176,3,275,353,421,140.3,30,0.14,36,3,0.08
15366,2,621,75,602.5,301.2,37,6.58,44,0,0.00
14735,34,2055,3,5534.7,162.8,98,1.66,215,11,0.05
16271,6,1021,15,1377.7,229.6,89,2.64,131,1,0.01
18223,27,2834,1,6151.6,227.8,118,1.11,324,26,0.08
15532,7,487,25,1427.1,203.9,204,1.27,264,7,0.03
16816,4,274,103,417.1,104.3,28,9.44,28,0,0.00
16684,31,48527,4,65186.7,2102.8,119,1.26,283,3,0.01
14334,10,1729,16,2526.7,252.7,98,2.10,164,1,0.01
16945,19,2725,21,4345.5,228.7,137,1.36,249,0,0.00
14643,4,695,170,643.4,160.8,30,5.22,37,3,0.08
15197,6,437,8,233.3,38.9,30,8.97,40,4,0.10
14220,2,272,247,632.4,316.2,21,5.55,21,0,0.00
13874,1,180,358,540.4,540.4,18,0.00,18,0,0.00
18260,9,1457,172,2532,281.3,86,1.29,145,6,0.04
17848,9,398,81,901.2,100.1,41,5.54,51,0,0.00
17392,2,275,306,411.3,205.6,52,0.96,55,0,0.00
12348,4,2332,75,1437.2,359.3,21,10.88,27,0,0.00
14985,2,256,198,292,146,78,1.95,83,0,0.00
13004,23,4770,11,5570.9,242.2,277,0.84,414,5,0.01
14560,25,1186,7,2110.6,84.4,39,4.55,78,2,0.03
12931,20,19150,21,25033.7,1251.7,28,2.82,120,19,0.16
13627,8,1263,59,1609.6,201.2,84,3.14,96,2,0.02
12551,1,100,357,168,168,10,0.00,10,0,0.00
12782,7,1040,4,1823.7,260.5,80,3.36,106,4,0.04
14769,11,7178,2,10349,940.8,717,0.33,1069,4,0.00
15780,3,220,183,475.3,158.4,26,6.21,29,0,0.00
12417,13,1501,3,3085.5,237.3,157,1.82,195,6,0.03
17315,42,3773,0,6065.5,144.4,257,0.72,496,14,0.03
16711,5,833,3,1651,330.2,18,16.86,22,0,0.00
12726,7,3132,28,2411.1,344.4,56,2.84,117,0,0.00
15204,1,258,357,316.6,316.6,9,0.00,9,0,0.00
17888,11,-125,18,315.5,28.7,60,3.68,93,14,0.15
17007,8,577,50,864.9,108.1,50,5.79,54,1,0.02
15160,1,84,357,158.2,158.2,4,0.00,4,0,0.00
14016,6,2122,154,4265.7,710.9,153,1.26,162,1,0.01
13033,1,83,357,190.5,190.5,11,0.00,11,0,0.00
12691,5,388,28,927.8,185.6,20,12.65,27,0,0.00
13869,4,1709,123,3083.7,770.9,234,0.77,304,0,0.00
14146,7,1335,8,1708.1,244,183,1.25,280,35,0.13
12705,14,3922,15,6274.2,448.2,227,0.96,356,14,0.04
16885,3,178,15,450.4,150.1,82,3.60,96,0,0.00
17913,2,288,58,408.6,204.3,55,5.21,58,0,0.00
12668,7,1521,7,3049.2,435.6,114,2.05,171,7,0.04
14472,8,1135,103,1852.7,231.6,153,0.95,265,0,0.00
17358,2,190,303,360.8,180.4,55,0.91,58,0,0.00
16686,10,1967,47,2921.2,292.1,406,0.56,550,3,0.01
18245,9,1774,7,2448.1,272,155,1.96,179,2,0.01
17343,1,56,355,193.6,193.6,17,0.00,17,0,0.00
18256,2,-140,354,-100.2,-50.1,4,0.00,8,4,0.50
16153,5,1073,49,1824.2,364.8,78,3.47,89,0,0.00
12377,2,942,315,1548.1,774,71,0.52,76,0,0.00
14646,74,196268,1,278418,3762.4,699,0.17,2064,2,0.00
12944,2,289,35,604.5,302.2,29,11.00,30,0,0.00
15312,6,510,75,917.4,152.9,42,5.81,49,1,0.02
14099,13,2175,16,3081.8,237.1,167,1.34,254,2,0.01
14113,9,525,3,915.4,101.7,26,7.80,46,6,0.13
13104,6,504,3,1098.5,183.1,14,18.47,20,0,0.00
17204,10,532,169,1141.3,114.1,47,2.43,77,10,0.13
13027,6,17280,113,6912,1152,6,9.64,26,0,0.00
17621,5,506,21,1292.3,258.5,25,12.33,28,1,0.04
17090,9,901,4,1970.5,218.9,45,5.65,63,1,0.02
14119,2,-4,354,-39.8,-19.9,1,0.00,2,1,0.50
15527,10,985,18,2394.8,239.5,127,2.04,166,2,0.01
18097,8,1660,7,2652.5,331.6,66,3.24,108,1,0.01
15460,1,107,354,214.3,214.3,53,0.00,56,0,0.00
15034,12,2391,15,4212.3,351,299,0.84,402,6,0.01
12423,10,1300,0,1613.9,161.4,96,2.99,119,1,0.01
15208,7,312,1,865.1,123.6,25,8.19,44,1,0.02
17306,22,11449,10,8570.2,389.6,13,4.83,72,3,0.04
14737,3,345,3,1164.6,388.2,15,21.88,17,0,0.00
13029,3,134,30,1247.5,415.8,8,35.89,10,0,0.00
12678,11,10852,42,16251.1,1477.4,103,1.96,160,2,0.01
16270,1,688,353,1141.2,1141.2,54,0.00,54,0,0.00
13487,3,265,57,575.4,191.8,26,8.97,34,0,0.00
12515,1,128,353,278.7,278.7,15,0.00,15,0,0.00
17400,5,1088,126,2097.8,419.6,175,1.11,206,0,0.00
17593,7,3077,3,3892.3,556,190,1.62,216,2,0.01
13953,7,2724,7,3515.7,502.2,8,18.16,20,0,0.00
14533,10,1535,24,1675.5,167.6,53,4.90,68,3,0.04
12734,1,88,352,110.4,110.4,4,0.00,4,0,0.00
14944,15,2787,29,5785.7,385.7,101,1.87,174,2,0.01
17239,3,148,312,377.4,125.8,15,2.50,17,1,0.06
14532,4,284,236,932.8,233.2,45,1.84,64,0,0.00
12383,7,1512,184,1606.1,229.4,83,1.77,96,1,0.01
15562,1,39,351,134.6,134.6,1,0.00,1,0,0.00
15587,4,312,50,913.7,228.4,3,37.63,9,0,0.00
13922,1,93,351,172.2,172.2,7,0.00,7,0,0.00
13817,2,208,29,329,164.5,19,15.33,22,0,0.00
12585,5,1225,234,1709.5,341.9,76,1.13,105,10,0.10
13165,2,1376,46,1021.5,510.8,40,7.44,42,0,0.00
13304,1,238,351,300.4,300.4,21,0.00,21,0,0.00
13313,5,851,22,1555.3,311.1,47,4.12,78,0,0.00
16875,10,1019,64,1951.4,195.1,94,2.07,134,11,0.08
16282,1,114,339,168.3,168.3,11,0.00,11,0,0.00
12957,13,2513,4,3940.5,303.1,208,1.35,250,6,0.02
14462,15,894,63,1909.3,127.3,150,1.15,242,5,0.02
13397,7,428,72,1534.2,219.2,28,6.85,40,1,0.03
13680,6,596,1,678.9,113.2,164,1.44,236,21,0.09
12483,12,1074,17,1835.3,152.9,45,4.29,76,4,0.05
15164,3,351,68,824.6,274.9,79,2.71,101,0,0.00
17457,5,826,126,1737.7,347.5,14,11.83,19,0,0.00
14732,11,1399,8,2670.2,242.7,105,2.21,151,2,0.01
14221,11,2189,42,3422.9,311.2,123,1.53,195,1,0.01
14553,5,493,19,859.3,171.9,103,2.86,113,0,0.00
13253,2,1572,156,1030.4,515.2,35,5.23,36,0,0.00
17389,43,7272,0,30801.3,716.3,47,1.46,233,10,0.04
12578,5,1132,21,2320.2,464,111,2.58,124,6,0.05
15841,7,910,64,1194.1,170.6,36,5.27,53,3,0.06
16112,4,574,143,195.7,48.9,15,13.00,16,0,0.00
13629,11,4372,23,7792.4,708.4,28,5.43,59,0,0.00
16600,6,1145,4,813.5,135.6,50,5.48,62,0,0.00
15661,2,236,317,309.8,154.9,4,5.25,5,0,0.00
16532,3,2016,17,6748.8,2249.6,2,107.00,4,0,0.00
15266,1,18,338,119.3,119.3,6,0.00,6,0,0.00
14653,7,944,1,1916.7,273.8,153,1.45,233,0,0.00
16771,5,1475,33,2230.6,446.1,199,1.21,253,0,0.00
17585,4,1650,109,1116.7,279.2,176,1.11,208,0,0.00
15046,17,3083,9,4772,280.7,146,1.64,202,1,0.01
13082,11,4302,126,3577.3,325.2,63,2.79,77,2,0.03
15464,1,348,338,1044.7,1044.7,155,0.00,155,0,0.00
18226,15,3452,38,5156.2,343.7,141,1.21,248,3,0.01
18062,3,396,173,720.5,240.2,23,6.31,27,0,0.00
12415,25,76519,24,122711.8,4908.5,443,0.38,835,61,0.07
17368,10,-45,23,752.6,75.3,93,2.24,141,17,0.12
14258,11,7096,9,12630.2,1148.2,58,2.93,113,1,0.01
15719,15,2715,32,5025.1,335,298,0.33,932,1,0.00
13368,2,326,256,573.4,286.7,28,3.00,28,0,0.00
17634,9,838,36,2358.6,262.1,209,1.02,296,0,0.00
15823,2,-564,337,-1623.7,-811.8,15,0.00,30,15,0.50
16676,6,626,33,1525.3,254.2,75,3.23,95,3,0.03
16424,3,76,191,31.6,10.5,6,24.33,7,1,0.14
18283,16,1355,3,2039.6,127.5,262,0.47,719,0,0.00
12735,2,363,315,689.6,344.8,37,0.55,41,0,0.00
13764,3,923,70,1516.4,505.5,182,1.30,206,0,0.00
13656,2,490,164,379.7,189.8,49,3.60,49,0,0.00
12413,5,280,66,666.2,133.2,28,7.32,38,1,0.03
14312,6,1012,46,1611.6,268.6,74,3.38,87,0,0.00
13280,3,518,122,798.5,266.2,67,2.65,82,0,0.00
15845,11,1910,17,3590,326.4,97,2.27,142,2,0.01
16094,7,619,11,1005.4,143.6,48,4.66,71,4,0.06
13187,1,95,337,236,236,37,0.00,37,0,0.00
16567,2,996,194,865.6,432.8,34,4.18,35,0,0.00
14828,3,2172,196,2139.8,713.3,17,8.75,17,0,0.00
12530,6,878,59,1423,237.2,50,4.26,66,2,0.03
